{
	"info": {
		"_postman_id": "5427592a-531e-4b00-98d1-83ed2572f488",
		"name": "accounts_migration",
		"schema": "https://schema.getpostman.com/json/collection/v2.1.0/collection.json",
		"_exporter_id": "25831749"
	},
	"item": [
		{
			"name": "Create user accounts",
			"event": [
				{
					"listen": "test",
					"script": {
						"exec": [
							"pm.collectionVariables.set(\"user_id\", pm.iterationData.get(\"user_id\"));",
							"pm.collectionVariables.set(\"distribution\", pm.iterationData.get(\"distribution\"));",
							"",
							"pm.test(\"Status code is 200\", function () {",
							"    pm.response.to.have.status(200);",
							"});"
						],
						"type": "text/javascript"
					}
				}
			],
			"request": {
				"method": "POST",
				"header": [],
				"body": {
					"mode": "raw",
					"raw": "{\n    \"productId\": \"available-cash\",\n    \"distribution\": \"{{distribution}}\",\n    \"distributionChannel\": \"default\"\n}",
					"options": {
						"raw": {
							"language": "json"
						}
					}
				},
				"url": {
					"raw": "https://account.stage.k8s.moneyfarm.com/users/{{user_id}}/accounts",
					"protocol": "https",
					"host": [
						"account",
						"stage",
						"k8s",
						"moneyfarm",
						"com"
					],
					"path": [
						"users",
						"{{user_id}}",
						"accounts"
					]
				}
			},
			"response": []
		}
	],
	"event": [
		{
			"listen": "prerequest",
			"script": {
				"type": "text/javascript",
				"exec": [
					""
				]
			}
		},
		{
			"listen": "test",
			"script": {
				"type": "text/javascript",
				"exec": [
					""
				]
			}
		}
	],
	"variable": [
		{
			"key": "user_id",
			"value": "",
			"type": "string"
		},
		{
			"key": "distribution",
			"value": "",
			"type": "string"
		}
	]
}