{
	"info": {
		"_postman_id": "e4355c32-a5e2-4381-aa23-8ab7916fe7b2",
		"name": "get_available_cash",
		"schema": "https://schema.getpostman.com/json/collection/v2.1.0/collection.json",
		"_exporter_id": "25831749"
	},
	"item": [
		{
			"name": "available_cash",
			"event": [
				{
					"listen": "test",
					"script": {
						"exec": [
							"pm.collectionVariables.set(\"user_id\", pm.iterationData.get(\"user_id\"));",
							"",
							"pm.test(\"Status code is 200\", function () {",
							"    pm.response.to.have.status(200);",
							"});"
						],
						"type": "text/javascript"
					}
				}
			],
			"request": {
				"method": "GET",
				"header": [],
				"url": {
					"raw": "https://lisa.stage.k8s.moneyfarm.com/users/{{user_id}}/financialSummary",
					"protocol": "https",
					"host": [
						"lisa",
						"stage",
						"k8s",
						"moneyfarm",
						"com"
					],
					"path": [
						"users",
						"{{user_id}}",
						"financialSummary"
					]
				}
			},
			"response": []
		}
	],
	"event": [
		{
			"listen": "prerequest",
			"script": {
				"type": "text/javascript",
				"exec": [
					""
				]
			}
		},
		{
			"listen": "test",
			"script": {
				"type": "text/javascript",
				"exec": [
					""
				]
			}
		}
	],
	"variable": [
		{
			"key": "user_id",
			"value": "",
			"type": "string"
		}
	]
}