user_id,distribution,one_click_portfolio_id
53362,moneyfarm-gbp-gb,34764
53555,moneyfarm-gbp-gb,34803
53573,moneyfarm-gbp-gb,34813
53614,moneyfarm-gbp-gb,34827
53819,moneyfarm-gbp-gb,34903
53873,moneyfarm-gbp-gb,34927
53882,moneyfarm-gbp-gb,34935
53887,moneyfarm-gbp-gb,34939
53891,moneyfarm-gbp-gb,35182
53900,moneyfarm-gbp-gb,40874
53936,moneyfarm-gbp-gb,34955
53958,moneyfarm-gbp-gb,34967
480318,moneyfarm-eur-it,746890
71276,moneyfarm-eur-it,47075
528785,moneyfarm-eur-it,8042758
800709,moneyfarm-eur-it,8290022
574085,moneyfarm-eur-it,8079909
196062,moneyfarm-eur-it,136365
784774,moneyfarm-eur-it,8277517
514490,moneyfarm-eur-it,8031436
869069,moneyfarm-eur-it,8357286
322480,moneyfarm-eur-it,641134
371569,moneyfarm-eur-it,670837
661914,moneyfarm-eur-it,8164875