user_id,distribution,one_click_portfolio_id,availableCash
53362,moneyfarm-gbp-gb,34764,
53555,moneyfarm-gbp-gb,34803,
53573,moneyfarm-gbp-gb,34813,-88495.45
53614,moneyfarm-gbp-gb,34827,-19993.08
53819,moneyfarm-gbp-gb,34903,0
53873,moneyfarm-gbp-gb,34927,13.34
53882,moneyfarm-gbp-gb,34935,3219.76
53887,moneyfarm-gbp-gb,34939,105072.41
53891,moneyfarm-gbp-gb,35182,4.04
53900,moneyfarm-gbp-gb,40874,0.49
53936,moneyfarm-gbp-gb,34955,300
53958,moneyfarm-gbp-gb,34967,4.38
480318,moneyfarm-eur-it,746890,0
71276,moneyfarm-eur-it,47075,0
528785,moneyfarm-eur-it,8042758,0
800709,moneyfarm-eur-it,8290022,0
574085,moneyfarm-eur-it,8079909,0
196062,moneyfarm-eur-it,136365,0
784774,moneyfarm-eur-it,8277517,0
514490,moneyfarm-eur-it,8031436,0
869069,moneyfarm-eur-it,8357286,0
322480,moneyfarm-eur-it,641134,0
371569,moneyfarm-eur-it,670837,0
661914,moneyfarm-eur-it,8164875,0