{"Collection":{"Info":{"Name":"accounts_migration","Id":"5427592a-531e-4b00-98d1-83ed2572f488"}},"Run":{"Stats":{"Requests":{"total":24,"pending":0,"failed":0},"Assertions":{"total":24,"pending":0,"failed":24}},"Failures":[{"Parent":{"Name":"accounts_migration","Id":"5427592a-531e-4b00-98d1-83ed2572f488"},"Source":{"Name":"Create user accounts","Id":"3951cf5c-02c2-4717-8808-b54885ff5de7"},"Error":{"Message":"expected response to have status code 200 but got 500","Test":"Status code is 200"}},{"Parent":{"Name":"accounts_migration","Id":"5427592a-531e-4b00-98d1-83ed2572f488"},"Source":{"Name":"Create user accounts","Id":"3951cf5c-02c2-4717-8808-b54885ff5de7"},"Error":{"Message":"expected response to have status code 200 but got 500","Test":"Status code is 200"}},{"Parent":{"Name":"accounts_migration","Id":"5427592a-531e-4b00-98d1-83ed2572f488"},"Source":{"Name":"Create user accounts","Id":"3951cf5c-02c2-4717-8808-b54885ff5de7"},"Error":{"Message":"expected response to have status code 200 but got 500","Test":"Status code is 200"}},{"Parent":{"Name":"accounts_migration","Id":"5427592a-531e-4b00-98d1-83ed2572f488"},"Source":{"Name":"Create user accounts","Id":"3951cf5c-02c2-4717-8808-b54885ff5de7"},"Error":{"Message":"expected response to have status code 200 but got 500","Test":"Status code is 200"}},{"Parent":{"Name":"accounts_migration","Id":"5427592a-531e-4b00-98d1-83ed2572f488"},"Source":{"Name":"Create user accounts","Id":"3951cf5c-02c2-4717-8808-b54885ff5de7"},"Error":{"Message":"expected response to have status code 200 but got 500","Test":"Status code is 200"}},{"Parent":{"Name":"accounts_migration","Id":"5427592a-531e-4b00-98d1-83ed2572f488"},"Source":{"Name":"Create user accounts","Id":"3951cf5c-02c2-4717-8808-b54885ff5de7"},"Error":{"Message":"expected response to have status code 200 but got 500","Test":"Status code is 200"}},{"Parent":{"Name":"accounts_migration","Id":"5427592a-531e-4b00-98d1-83ed2572f488"},"Source":{"Name":"Create user accounts","Id":"3951cf5c-02c2-4717-8808-b54885ff5de7"},"Error":{"Message":"expected response to have status code 200 but got 500","Test":"Status code is 200"}},{"Parent":{"Name":"accounts_migration","Id":"5427592a-531e-4b00-98d1-83ed2572f488"},"Source":{"Name":"Create user accounts","Id":"3951cf5c-02c2-4717-8808-b54885ff5de7"},"Error":{"Message":"expected response to have status code 200 but got 500","Test":"Status code is 200"}},{"Parent":{"Name":"accounts_migration","Id":"5427592a-531e-4b00-98d1-83ed2572f488"},"Source":{"Name":"Create user accounts","Id":"3951cf5c-02c2-4717-8808-b54885ff5de7"},"Error":{"Message":"expected response to have status code 200 but got 500","Test":"Status code is 200"}},{"Parent":{"Name":"accounts_migration","Id":"5427592a-531e-4b00-98d1-83ed2572f488"},"Source":{"Name":"Create user accounts","Id":"3951cf5c-02c2-4717-8808-b54885ff5de7"},"Error":{"Message":"expected response to have status code 200 but got 500","Test":"Status code is 200"}},{"Parent":{"Name":"accounts_migration","Id":"5427592a-531e-4b00-98d1-83ed2572f488"},"Source":{"Name":"Create user accounts","Id":"3951cf5c-02c2-4717-8808-b54885ff5de7"},"Error":{"Message":"expected response to have status code 200 but got 500","Test":"Status code is 200"}},{"Parent":{"Name":"accounts_migration","Id":"5427592a-531e-4b00-98d1-83ed2572f488"},"Source":{"Name":"Create user accounts","Id":"3951cf5c-02c2-4717-8808-b54885ff5de7"},"Error":{"Message":"expected response to have status code 200 but got 500","Test":"Status code is 200"}},{"Parent":{"Name":"accounts_migration","Id":"5427592a-531e-4b00-98d1-83ed2572f488"},"Source":{"Name":"Create user accounts","Id":"3951cf5c-02c2-4717-8808-b54885ff5de7"},"Error":{"Message":"expected response to have status code 200 but got 500","Test":"Status code is 200"}},{"Parent":{"Name":"accounts_migration","Id":"5427592a-531e-4b00-98d1-83ed2572f488"},"Source":{"Name":"Create user accounts","Id":"3951cf5c-02c2-4717-8808-b54885ff5de7"},"Error":{"Message":"expected response to have status code 200 but got 500","Test":"Status code is 200"}},{"Parent":{"Name":"accounts_migration","Id":"5427592a-531e-4b00-98d1-83ed2572f488"},"Source":{"Name":"Create user accounts","Id":"3951cf5c-02c2-4717-8808-b54885ff5de7"},"Error":{"Message":"expected response to have status code 200 but got 500","Test":"Status code is 200"}},{"Parent":{"Name":"accounts_migration","Id":"5427592a-531e-4b00-98d1-83ed2572f488"},"Source":{"Name":"Create user accounts","Id":"3951cf5c-02c2-4717-8808-b54885ff5de7"},"Error":{"Message":"expected response to have status code 200 but got 500","Test":"Status code is 200"}},{"Parent":{"Name":"accounts_migration","Id":"5427592a-531e-4b00-98d1-83ed2572f488"},"Source":{"Name":"Create user accounts","Id":"3951cf5c-02c2-4717-8808-b54885ff5de7"},"Error":{"Message":"expected response to have status code 200 but got 500","Test":"Status code is 200"}},{"Parent":{"Name":"accounts_migration","Id":"5427592a-531e-4b00-98d1-83ed2572f488"},"Source":{"Name":"Create user accounts","Id":"3951cf5c-02c2-4717-8808-b54885ff5de7"},"Error":{"Message":"expected response to have status code 200 but got 500","Test":"Status code is 200"}},{"Parent":{"Name":"accounts_migration","Id":"5427592a-531e-4b00-98d1-83ed2572f488"},"Source":{"Name":"Create user accounts","Id":"3951cf5c-02c2-4717-8808-b54885ff5de7"},"Error":{"Message":"expected response to have status code 200 but got 500","Test":"Status code is 200"}},{"Parent":{"Name":"accounts_migration","Id":"5427592a-531e-4b00-98d1-83ed2572f488"},"Source":{"Name":"Create user accounts","Id":"3951cf5c-02c2-4717-8808-b54885ff5de7"},"Error":{"Message":"expected response to have status code 200 but got 500","Test":"Status code is 200"}},{"Parent":{"Name":"accounts_migration","Id":"5427592a-531e-4b00-98d1-83ed2572f488"},"Source":{"Name":"Create user accounts","Id":"3951cf5c-02c2-4717-8808-b54885ff5de7"},"Error":{"Message":"expected response to have status code 200 but got 500","Test":"Status code is 200"}},{"Parent":{"Name":"accounts_migration","Id":"5427592a-531e-4b00-98d1-83ed2572f488"},"Source":{"Name":"Create user accounts","Id":"3951cf5c-02c2-4717-8808-b54885ff5de7"},"Error":{"Message":"expected response to have status code 200 but got 500","Test":"Status code is 200"}},{"Parent":{"Name":"accounts_migration","Id":"5427592a-531e-4b00-98d1-83ed2572f488"},"Source":{"Name":"Create user accounts","Id":"3951cf5c-02c2-4717-8808-b54885ff5de7"},"Error":{"Message":"expected response to have status code 200 but got 500","Test":"Status code is 200"}},{"Parent":{"Name":"accounts_migration","Id":"5427592a-531e-4b00-98d1-83ed2572f488"},"Source":{"Name":"Create user accounts","Id":"3951cf5c-02c2-4717-8808-b54885ff5de7"},"Error":{"Message":"expected response to have status code 200 but got 500","Test":"Status code is 200"}}],"Timings":{"responseAverage":96.79166666666667,"responseMin":76,"responseMax":251,"responseSd":33.88950079137916,"dnsAverage":0,"dnsMin":0,"dnsMax":0,"dnsSd":0,"firstByteAverage":0,"firstByteMin":0,"firstByteMax":0,"firstByteSd":0,"started":1680622102544,"completed":1680622105286}}}