{"Collection":{"Info":{"Name":"accounts_migration","Id":"5427592a-531e-4b00-98d1-83ed2572f488"}},"Run":{"Stats":{"Requests":{"total":24,"pending":0,"failed":0},"Assertions":{"total":24,"pending":0,"failed":24}},"Failures":[{"Parent":{"Name":"accounts_migration","Id":"5427592a-531e-4b00-98d1-83ed2572f488"},"Source":{"Name":"Create user accounts","Id":"7f9d7fca-be61-4fec-a1c4-e4ebc33b4792"},"Error":{"Message":"expected response to have status code 200 but got 500","Test":"Status code is 200"}},{"Parent":{"Name":"accounts_migration","Id":"5427592a-531e-4b00-98d1-83ed2572f488"},"Source":{"Name":"Create user accounts","Id":"7f9d7fca-be61-4fec-a1c4-e4ebc33b4792"},"Error":{"Message":"expected response to have status code 200 but got 500","Test":"Status code is 200"}},{"Parent":{"Name":"accounts_migration","Id":"5427592a-531e-4b00-98d1-83ed2572f488"},"Source":{"Name":"Create user accounts","Id":"7f9d7fca-be61-4fec-a1c4-e4ebc33b4792"},"Error":{"Message":"expected response to have status code 200 but got 500","Test":"Status code is 200"}},{"Parent":{"Name":"accounts_migration","Id":"5427592a-531e-4b00-98d1-83ed2572f488"},"Source":{"Name":"Create user accounts","Id":"7f9d7fca-be61-4fec-a1c4-e4ebc33b4792"},"Error":{"Message":"expected response to have status code 200 but got 500","Test":"Status code is 200"}},{"Parent":{"Name":"accounts_migration","Id":"5427592a-531e-4b00-98d1-83ed2572f488"},"Source":{"Name":"Create user accounts","Id":"7f9d7fca-be61-4fec-a1c4-e4ebc33b4792"},"Error":{"Message":"expected response to have status code 200 but got 500","Test":"Status code is 200"}},{"Parent":{"Name":"accounts_migration","Id":"5427592a-531e-4b00-98d1-83ed2572f488"},"Source":{"Name":"Create user accounts","Id":"7f9d7fca-be61-4fec-a1c4-e4ebc33b4792"},"Error":{"Message":"expected response to have status code 200 but got 500","Test":"Status code is 200"}},{"Parent":{"Name":"accounts_migration","Id":"5427592a-531e-4b00-98d1-83ed2572f488"},"Source":{"Name":"Create user accounts","Id":"7f9d7fca-be61-4fec-a1c4-e4ebc33b4792"},"Error":{"Message":"expected response to have status code 200 but got 500","Test":"Status code is 200"}},{"Parent":{"Name":"accounts_migration","Id":"5427592a-531e-4b00-98d1-83ed2572f488"},"Source":{"Name":"Create user accounts","Id":"7f9d7fca-be61-4fec-a1c4-e4ebc33b4792"},"Error":{"Message":"expected response to have status code 200 but got 500","Test":"Status code is 200"}},{"Parent":{"Name":"accounts_migration","Id":"5427592a-531e-4b00-98d1-83ed2572f488"},"Source":{"Name":"Create user accounts","Id":"7f9d7fca-be61-4fec-a1c4-e4ebc33b4792"},"Error":{"Message":"expected response to have status code 200 but got 500","Test":"Status code is 200"}},{"Parent":{"Name":"accounts_migration","Id":"5427592a-531e-4b00-98d1-83ed2572f488"},"Source":{"Name":"Create user accounts","Id":"7f9d7fca-be61-4fec-a1c4-e4ebc33b4792"},"Error":{"Message":"expected response to have status code 200 but got 500","Test":"Status code is 200"}},{"Parent":{"Name":"accounts_migration","Id":"5427592a-531e-4b00-98d1-83ed2572f488"},"Source":{"Name":"Create user accounts","Id":"7f9d7fca-be61-4fec-a1c4-e4ebc33b4792"},"Error":{"Message":"expected response to have status code 200 but got 500","Test":"Status code is 200"}},{"Parent":{"Name":"accounts_migration","Id":"5427592a-531e-4b00-98d1-83ed2572f488"},"Source":{"Name":"Create user accounts","Id":"7f9d7fca-be61-4fec-a1c4-e4ebc33b4792"},"Error":{"Message":"expected response to have status code 200 but got 500","Test":"Status code is 200"}},{"Parent":{"Name":"accounts_migration","Id":"5427592a-531e-4b00-98d1-83ed2572f488"},"Source":{"Name":"Create user accounts","Id":"7f9d7fca-be61-4fec-a1c4-e4ebc33b4792"},"Error":{"Message":"expected response to have status code 200 but got 500","Test":"Status code is 200"}},{"Parent":{"Name":"accounts_migration","Id":"5427592a-531e-4b00-98d1-83ed2572f488"},"Source":{"Name":"Create user accounts","Id":"7f9d7fca-be61-4fec-a1c4-e4ebc33b4792"},"Error":{"Message":"expected response to have status code 200 but got 500","Test":"Status code is 200"}},{"Parent":{"Name":"accounts_migration","Id":"5427592a-531e-4b00-98d1-83ed2572f488"},"Source":{"Name":"Create user accounts","Id":"7f9d7fca-be61-4fec-a1c4-e4ebc33b4792"},"Error":{"Message":"expected response to have status code 200 but got 500","Test":"Status code is 200"}},{"Parent":{"Name":"accounts_migration","Id":"5427592a-531e-4b00-98d1-83ed2572f488"},"Source":{"Name":"Create user accounts","Id":"7f9d7fca-be61-4fec-a1c4-e4ebc33b4792"},"Error":{"Message":"expected response to have status code 200 but got 500","Test":"Status code is 200"}},{"Parent":{"Name":"accounts_migration","Id":"5427592a-531e-4b00-98d1-83ed2572f488"},"Source":{"Name":"Create user accounts","Id":"7f9d7fca-be61-4fec-a1c4-e4ebc33b4792"},"Error":{"Message":"expected response to have status code 200 but got 500","Test":"Status code is 200"}},{"Parent":{"Name":"accounts_migration","Id":"5427592a-531e-4b00-98d1-83ed2572f488"},"Source":{"Name":"Create user accounts","Id":"7f9d7fca-be61-4fec-a1c4-e4ebc33b4792"},"Error":{"Message":"expected response to have status code 200 but got 500","Test":"Status code is 200"}},{"Parent":{"Name":"accounts_migration","Id":"5427592a-531e-4b00-98d1-83ed2572f488"},"Source":{"Name":"Create user accounts","Id":"7f9d7fca-be61-4fec-a1c4-e4ebc33b4792"},"Error":{"Message":"expected response to have status code 200 but got 500","Test":"Status code is 200"}},{"Parent":{"Name":"accounts_migration","Id":"5427592a-531e-4b00-98d1-83ed2572f488"},"Source":{"Name":"Create user accounts","Id":"7f9d7fca-be61-4fec-a1c4-e4ebc33b4792"},"Error":{"Message":"expected response to have status code 200 but got 500","Test":"Status code is 200"}},{"Parent":{"Name":"accounts_migration","Id":"5427592a-531e-4b00-98d1-83ed2572f488"},"Source":{"Name":"Create user accounts","Id":"7f9d7fca-be61-4fec-a1c4-e4ebc33b4792"},"Error":{"Message":"expected response to have status code 200 but got 500","Test":"Status code is 200"}},{"Parent":{"Name":"accounts_migration","Id":"5427592a-531e-4b00-98d1-83ed2572f488"},"Source":{"Name":"Create user accounts","Id":"7f9d7fca-be61-4fec-a1c4-e4ebc33b4792"},"Error":{"Message":"expected response to have status code 200 but got 500","Test":"Status code is 200"}},{"Parent":{"Name":"accounts_migration","Id":"5427592a-531e-4b00-98d1-83ed2572f488"},"Source":{"Name":"Create user accounts","Id":"7f9d7fca-be61-4fec-a1c4-e4ebc33b4792"},"Error":{"Message":"expected response to have status code 200 but got 500","Test":"Status code is 200"}},{"Parent":{"Name":"accounts_migration","Id":"5427592a-531e-4b00-98d1-83ed2572f488"},"Source":{"Name":"Create user accounts","Id":"7f9d7fca-be61-4fec-a1c4-e4ebc33b4792"},"Error":{"Message":"expected response to have status code 200 but got 500","Test":"Status code is 200"}}],"Timings":{"responseAverage":100.20833333333333,"responseMin":76,"responseMax":212,"responseSd":34.123524591629675,"dnsAverage":0,"dnsMin":0,"dnsMax":0,"dnsSd":0,"firstByteAverage":0,"firstByteMin":0,"firstByteMax":0,"firstByteSd":0,"started":1680625998077,"completed":1680626001111}}}