{"Collection":{"Info":{"Name":"accounts_migration","Id":"5427592a-531e-4b00-98d1-83ed2572f488"}},"Run":{"Stats":{"Requests":{"total":24,"pending":0,"failed":0},"Assertions":{"total":24,"pending":0,"failed":24}},"Failures":[{"Parent":{"Name":"accounts_migration","Id":"5427592a-531e-4b00-98d1-83ed2572f488"},"Source":{"Name":"Create user accounts","Id":"78d3c5f6-d434-402f-95d1-2c28c7a14bd1"},"Error":{"Message":"expected response to have status code 200 but got 500","Test":"Status code is 200"}},{"Parent":{"Name":"accounts_migration","Id":"5427592a-531e-4b00-98d1-83ed2572f488"},"Source":{"Name":"Create user accounts","Id":"78d3c5f6-d434-402f-95d1-2c28c7a14bd1"},"Error":{"Message":"expected response to have status code 200 but got 500","Test":"Status code is 200"}},{"Parent":{"Name":"accounts_migration","Id":"5427592a-531e-4b00-98d1-83ed2572f488"},"Source":{"Name":"Create user accounts","Id":"78d3c5f6-d434-402f-95d1-2c28c7a14bd1"},"Error":{"Message":"expected response to have status code 200 but got 500","Test":"Status code is 200"}},{"Parent":{"Name":"accounts_migration","Id":"5427592a-531e-4b00-98d1-83ed2572f488"},"Source":{"Name":"Create user accounts","Id":"78d3c5f6-d434-402f-95d1-2c28c7a14bd1"},"Error":{"Message":"expected response to have status code 200 but got 500","Test":"Status code is 200"}},{"Parent":{"Name":"accounts_migration","Id":"5427592a-531e-4b00-98d1-83ed2572f488"},"Source":{"Name":"Create user accounts","Id":"78d3c5f6-d434-402f-95d1-2c28c7a14bd1"},"Error":{"Message":"expected response to have status code 200 but got 500","Test":"Status code is 200"}},{"Parent":{"Name":"accounts_migration","Id":"5427592a-531e-4b00-98d1-83ed2572f488"},"Source":{"Name":"Create user accounts","Id":"78d3c5f6-d434-402f-95d1-2c28c7a14bd1"},"Error":{"Message":"expected response to have status code 200 but got 500","Test":"Status code is 200"}},{"Parent":{"Name":"accounts_migration","Id":"5427592a-531e-4b00-98d1-83ed2572f488"},"Source":{"Name":"Create user accounts","Id":"78d3c5f6-d434-402f-95d1-2c28c7a14bd1"},"Error":{"Message":"expected response to have status code 200 but got 500","Test":"Status code is 200"}},{"Parent":{"Name":"accounts_migration","Id":"5427592a-531e-4b00-98d1-83ed2572f488"},"Source":{"Name":"Create user accounts","Id":"78d3c5f6-d434-402f-95d1-2c28c7a14bd1"},"Error":{"Message":"expected response to have status code 200 but got 500","Test":"Status code is 200"}},{"Parent":{"Name":"accounts_migration","Id":"5427592a-531e-4b00-98d1-83ed2572f488"},"Source":{"Name":"Create user accounts","Id":"78d3c5f6-d434-402f-95d1-2c28c7a14bd1"},"Error":{"Message":"expected response to have status code 200 but got 500","Test":"Status code is 200"}},{"Parent":{"Name":"accounts_migration","Id":"5427592a-531e-4b00-98d1-83ed2572f488"},"Source":{"Name":"Create user accounts","Id":"78d3c5f6-d434-402f-95d1-2c28c7a14bd1"},"Error":{"Message":"expected response to have status code 200 but got 500","Test":"Status code is 200"}},{"Parent":{"Name":"accounts_migration","Id":"5427592a-531e-4b00-98d1-83ed2572f488"},"Source":{"Name":"Create user accounts","Id":"78d3c5f6-d434-402f-95d1-2c28c7a14bd1"},"Error":{"Message":"expected response to have status code 200 but got 500","Test":"Status code is 200"}},{"Parent":{"Name":"accounts_migration","Id":"5427592a-531e-4b00-98d1-83ed2572f488"},"Source":{"Name":"Create user accounts","Id":"78d3c5f6-d434-402f-95d1-2c28c7a14bd1"},"Error":{"Message":"expected response to have status code 200 but got 500","Test":"Status code is 200"}},{"Parent":{"Name":"accounts_migration","Id":"5427592a-531e-4b00-98d1-83ed2572f488"},"Source":{"Name":"Create user accounts","Id":"78d3c5f6-d434-402f-95d1-2c28c7a14bd1"},"Error":{"Message":"expected response to have status code 200 but got 500","Test":"Status code is 200"}},{"Parent":{"Name":"accounts_migration","Id":"5427592a-531e-4b00-98d1-83ed2572f488"},"Source":{"Name":"Create user accounts","Id":"78d3c5f6-d434-402f-95d1-2c28c7a14bd1"},"Error":{"Message":"expected response to have status code 200 but got 500","Test":"Status code is 200"}},{"Parent":{"Name":"accounts_migration","Id":"5427592a-531e-4b00-98d1-83ed2572f488"},"Source":{"Name":"Create user accounts","Id":"78d3c5f6-d434-402f-95d1-2c28c7a14bd1"},"Error":{"Message":"expected response to have status code 200 but got 500","Test":"Status code is 200"}},{"Parent":{"Name":"accounts_migration","Id":"5427592a-531e-4b00-98d1-83ed2572f488"},"Source":{"Name":"Create user accounts","Id":"78d3c5f6-d434-402f-95d1-2c28c7a14bd1"},"Error":{"Message":"expected response to have status code 200 but got 500","Test":"Status code is 200"}},{"Parent":{"Name":"accounts_migration","Id":"5427592a-531e-4b00-98d1-83ed2572f488"},"Source":{"Name":"Create user accounts","Id":"78d3c5f6-d434-402f-95d1-2c28c7a14bd1"},"Error":{"Message":"expected response to have status code 200 but got 500","Test":"Status code is 200"}},{"Parent":{"Name":"accounts_migration","Id":"5427592a-531e-4b00-98d1-83ed2572f488"},"Source":{"Name":"Create user accounts","Id":"78d3c5f6-d434-402f-95d1-2c28c7a14bd1"},"Error":{"Message":"expected response to have status code 200 but got 500","Test":"Status code is 200"}},{"Parent":{"Name":"accounts_migration","Id":"5427592a-531e-4b00-98d1-83ed2572f488"},"Source":{"Name":"Create user accounts","Id":"78d3c5f6-d434-402f-95d1-2c28c7a14bd1"},"Error":{"Message":"expected response to have status code 200 but got 500","Test":"Status code is 200"}},{"Parent":{"Name":"accounts_migration","Id":"5427592a-531e-4b00-98d1-83ed2572f488"},"Source":{"Name":"Create user accounts","Id":"78d3c5f6-d434-402f-95d1-2c28c7a14bd1"},"Error":{"Message":"expected response to have status code 200 but got 500","Test":"Status code is 200"}},{"Parent":{"Name":"accounts_migration","Id":"5427592a-531e-4b00-98d1-83ed2572f488"},"Source":{"Name":"Create user accounts","Id":"78d3c5f6-d434-402f-95d1-2c28c7a14bd1"},"Error":{"Message":"expected response to have status code 200 but got 500","Test":"Status code is 200"}},{"Parent":{"Name":"accounts_migration","Id":"5427592a-531e-4b00-98d1-83ed2572f488"},"Source":{"Name":"Create user accounts","Id":"78d3c5f6-d434-402f-95d1-2c28c7a14bd1"},"Error":{"Message":"expected response to have status code 200 but got 500","Test":"Status code is 200"}},{"Parent":{"Name":"accounts_migration","Id":"5427592a-531e-4b00-98d1-83ed2572f488"},"Source":{"Name":"Create user accounts","Id":"78d3c5f6-d434-402f-95d1-2c28c7a14bd1"},"Error":{"Message":"expected response to have status code 200 but got 500","Test":"Status code is 200"}},{"Parent":{"Name":"accounts_migration","Id":"5427592a-531e-4b00-98d1-83ed2572f488"},"Source":{"Name":"Create user accounts","Id":"78d3c5f6-d434-402f-95d1-2c28c7a14bd1"},"Error":{"Message":"expected response to have status code 200 but got 500","Test":"Status code is 200"}}],"Timings":{"responseAverage":104.875,"responseMin":76,"responseMax":264,"responseSd":46.6845018002049,"dnsAverage":0,"dnsMin":0,"dnsMax":0,"dnsSd":0,"firstByteAverage":0,"firstByteMin":0,"firstByteMax":0,"firstByteSd":0,"started":1680622055194,"completed":1680622058190}}}