{"Collection":{"Info":{"Name":"get_available_cash","Id":"e4355c32-a5e2-4381-aa23-8ab7916fe7b2"}},"Run":{"Stats":{"Requests":{"total":24,"pending":0,"failed":0},"Assertions":{"total":24,"pending":0,"failed":2}},"Failures":[{"Parent":{"Name":"get_available_cash","Id":"e4355c32-a5e2-4381-aa23-8ab7916fe7b2"},"Source":{"Name":"available_cash","Id":"1b7c9f5e-e899-48a8-8e49-518005e430f2"},"Error":{"Message":"expected response to have status code 200 but got 404","Test":"Status code is 200"}},{"Parent":{"Name":"get_available_cash","Id":"e4355c32-a5e2-4381-aa23-8ab7916fe7b2"},"Source":{"Name":"available_cash","Id":"1b7c9f5e-e899-48a8-8e49-518005e430f2"},"Error":{"Message":"expected response to have status code 200 but got 404","Test":"Status code is 200"}}],"Timings":{"responseAverage":3031.7916666666665,"responseMin":55,"responseMax":26438,"responseSd":5548.104300713643,"dnsAverage":0,"dnsMin":0,"dnsMax":0,"dnsSd":0,"firstByteAverage":0,"firstByteMin":0,"firstByteMax":0,"firstByteSd":0,"started":1680682989415,"completed":1680683062749}}}