{"Collection":{"Info":{"Name":"accounts_migration","Id":"5427592a-531e-4b00-98d1-83ed2572f488"}},"Run":{"Stats":{"Requests":{"total":24,"pending":0,"failed":0},"Assertions":{"total":24,"pending":0,"failed":24}},"Failures":[{"Parent":{"Name":"accounts_migration","Id":"5427592a-531e-4b00-98d1-83ed2572f488"},"Source":{"Name":"Create user accounts","Id":"87a1f765-b5b5-4413-ac00-dca559740057"},"Error":{"Message":"expected response to have status code 200 but got 500","Test":"Status code is 200"}},{"Parent":{"Name":"accounts_migration","Id":"5427592a-531e-4b00-98d1-83ed2572f488"},"Source":{"Name":"Create user accounts","Id":"87a1f765-b5b5-4413-ac00-dca559740057"},"Error":{"Message":"expected response to have status code 200 but got 500","Test":"Status code is 200"}},{"Parent":{"Name":"accounts_migration","Id":"5427592a-531e-4b00-98d1-83ed2572f488"},"Source":{"Name":"Create user accounts","Id":"87a1f765-b5b5-4413-ac00-dca559740057"},"Error":{"Message":"expected response to have status code 200 but got 500","Test":"Status code is 200"}},{"Parent":{"Name":"accounts_migration","Id":"5427592a-531e-4b00-98d1-83ed2572f488"},"Source":{"Name":"Create user accounts","Id":"87a1f765-b5b5-4413-ac00-dca559740057"},"Error":{"Message":"expected response to have status code 200 but got 500","Test":"Status code is 200"}},{"Parent":{"Name":"accounts_migration","Id":"5427592a-531e-4b00-98d1-83ed2572f488"},"Source":{"Name":"Create user accounts","Id":"87a1f765-b5b5-4413-ac00-dca559740057"},"Error":{"Message":"expected response to have status code 200 but got 500","Test":"Status code is 200"}},{"Parent":{"Name":"accounts_migration","Id":"5427592a-531e-4b00-98d1-83ed2572f488"},"Source":{"Name":"Create user accounts","Id":"87a1f765-b5b5-4413-ac00-dca559740057"},"Error":{"Message":"expected response to have status code 200 but got 500","Test":"Status code is 200"}},{"Parent":{"Name":"accounts_migration","Id":"5427592a-531e-4b00-98d1-83ed2572f488"},"Source":{"Name":"Create user accounts","Id":"87a1f765-b5b5-4413-ac00-dca559740057"},"Error":{"Message":"expected response to have status code 200 but got 500","Test":"Status code is 200"}},{"Parent":{"Name":"accounts_migration","Id":"5427592a-531e-4b00-98d1-83ed2572f488"},"Source":{"Name":"Create user accounts","Id":"87a1f765-b5b5-4413-ac00-dca559740057"},"Error":{"Message":"expected response to have status code 200 but got 500","Test":"Status code is 200"}},{"Parent":{"Name":"accounts_migration","Id":"5427592a-531e-4b00-98d1-83ed2572f488"},"Source":{"Name":"Create user accounts","Id":"87a1f765-b5b5-4413-ac00-dca559740057"},"Error":{"Message":"expected response to have status code 200 but got 500","Test":"Status code is 200"}},{"Parent":{"Name":"accounts_migration","Id":"5427592a-531e-4b00-98d1-83ed2572f488"},"Source":{"Name":"Create user accounts","Id":"87a1f765-b5b5-4413-ac00-dca559740057"},"Error":{"Message":"expected response to have status code 200 but got 500","Test":"Status code is 200"}},{"Parent":{"Name":"accounts_migration","Id":"5427592a-531e-4b00-98d1-83ed2572f488"},"Source":{"Name":"Create user accounts","Id":"87a1f765-b5b5-4413-ac00-dca559740057"},"Error":{"Message":"expected response to have status code 200 but got 500","Test":"Status code is 200"}},{"Parent":{"Name":"accounts_migration","Id":"5427592a-531e-4b00-98d1-83ed2572f488"},"Source":{"Name":"Create user accounts","Id":"87a1f765-b5b5-4413-ac00-dca559740057"},"Error":{"Message":"expected response to have status code 200 but got 500","Test":"Status code is 200"}},{"Parent":{"Name":"accounts_migration","Id":"5427592a-531e-4b00-98d1-83ed2572f488"},"Source":{"Name":"Create user accounts","Id":"87a1f765-b5b5-4413-ac00-dca559740057"},"Error":{"Message":"expected response to have status code 200 but got 500","Test":"Status code is 200"}},{"Parent":{"Name":"accounts_migration","Id":"5427592a-531e-4b00-98d1-83ed2572f488"},"Source":{"Name":"Create user accounts","Id":"87a1f765-b5b5-4413-ac00-dca559740057"},"Error":{"Message":"expected response to have status code 200 but got 500","Test":"Status code is 200"}},{"Parent":{"Name":"accounts_migration","Id":"5427592a-531e-4b00-98d1-83ed2572f488"},"Source":{"Name":"Create user accounts","Id":"87a1f765-b5b5-4413-ac00-dca559740057"},"Error":{"Message":"expected response to have status code 200 but got 500","Test":"Status code is 200"}},{"Parent":{"Name":"accounts_migration","Id":"5427592a-531e-4b00-98d1-83ed2572f488"},"Source":{"Name":"Create user accounts","Id":"87a1f765-b5b5-4413-ac00-dca559740057"},"Error":{"Message":"expected response to have status code 200 but got 500","Test":"Status code is 200"}},{"Parent":{"Name":"accounts_migration","Id":"5427592a-531e-4b00-98d1-83ed2572f488"},"Source":{"Name":"Create user accounts","Id":"87a1f765-b5b5-4413-ac00-dca559740057"},"Error":{"Message":"expected response to have status code 200 but got 500","Test":"Status code is 200"}},{"Parent":{"Name":"accounts_migration","Id":"5427592a-531e-4b00-98d1-83ed2572f488"},"Source":{"Name":"Create user accounts","Id":"87a1f765-b5b5-4413-ac00-dca559740057"},"Error":{"Message":"expected response to have status code 200 but got 500","Test":"Status code is 200"}},{"Parent":{"Name":"accounts_migration","Id":"5427592a-531e-4b00-98d1-83ed2572f488"},"Source":{"Name":"Create user accounts","Id":"87a1f765-b5b5-4413-ac00-dca559740057"},"Error":{"Message":"expected response to have status code 200 but got 500","Test":"Status code is 200"}},{"Parent":{"Name":"accounts_migration","Id":"5427592a-531e-4b00-98d1-83ed2572f488"},"Source":{"Name":"Create user accounts","Id":"87a1f765-b5b5-4413-ac00-dca559740057"},"Error":{"Message":"expected response to have status code 200 but got 500","Test":"Status code is 200"}},{"Parent":{"Name":"accounts_migration","Id":"5427592a-531e-4b00-98d1-83ed2572f488"},"Source":{"Name":"Create user accounts","Id":"87a1f765-b5b5-4413-ac00-dca559740057"},"Error":{"Message":"expected response to have status code 200 but got 500","Test":"Status code is 200"}},{"Parent":{"Name":"accounts_migration","Id":"5427592a-531e-4b00-98d1-83ed2572f488"},"Source":{"Name":"Create user accounts","Id":"87a1f765-b5b5-4413-ac00-dca559740057"},"Error":{"Message":"expected response to have status code 200 but got 500","Test":"Status code is 200"}},{"Parent":{"Name":"accounts_migration","Id":"5427592a-531e-4b00-98d1-83ed2572f488"},"Source":{"Name":"Create user accounts","Id":"87a1f765-b5b5-4413-ac00-dca559740057"},"Error":{"Message":"expected response to have status code 200 but got 500","Test":"Status code is 200"}},{"Parent":{"Name":"accounts_migration","Id":"5427592a-531e-4b00-98d1-83ed2572f488"},"Source":{"Name":"Create user accounts","Id":"87a1f765-b5b5-4413-ac00-dca559740057"},"Error":{"Message":"expected response to have status code 200 but got 500","Test":"Status code is 200"}}],"Timings":{"responseAverage":92.41666666666667,"responseMin":73,"responseMax":201,"responseSd":26.532867458221617,"dnsAverage":0,"dnsMin":0,"dnsMax":0,"dnsSd":0,"firstByteAverage":0,"firstByteMin":0,"firstByteMax":0,"firstByteSd":0,"started":1680622123944,"completed":1680622126574}}}