{"Collection":{"Info":{"Name":"accounts_migration","Id":"5427592a-531e-4b00-98d1-83ed2572f488"}},"Run":{"Stats":{"Requests":{"total":24,"pending":0,"failed":0},"Assertions":{"total":24,"pending":0,"failed":24}},"Failures":[{"Parent":{"Name":"accounts_migration","Id":"5427592a-531e-4b00-98d1-83ed2572f488"},"Source":{"Name":"Create user accounts","Id":"35b51577-0754-4dfe-bf98-b93f293d9a07"},"Error":{"Message":"expected response to have status code 200 but got 500","Test":"Status code is 200"}},{"Parent":{"Name":"accounts_migration","Id":"5427592a-531e-4b00-98d1-83ed2572f488"},"Source":{"Name":"Create user accounts","Id":"35b51577-0754-4dfe-bf98-b93f293d9a07"},"Error":{"Message":"expected response to have status code 200 but got 500","Test":"Status code is 200"}},{"Parent":{"Name":"accounts_migration","Id":"5427592a-531e-4b00-98d1-83ed2572f488"},"Source":{"Name":"Create user accounts","Id":"35b51577-0754-4dfe-bf98-b93f293d9a07"},"Error":{"Message":"expected response to have status code 200 but got 500","Test":"Status code is 200"}},{"Parent":{"Name":"accounts_migration","Id":"5427592a-531e-4b00-98d1-83ed2572f488"},"Source":{"Name":"Create user accounts","Id":"35b51577-0754-4dfe-bf98-b93f293d9a07"},"Error":{"Message":"expected response to have status code 200 but got 500","Test":"Status code is 200"}},{"Parent":{"Name":"accounts_migration","Id":"5427592a-531e-4b00-98d1-83ed2572f488"},"Source":{"Name":"Create user accounts","Id":"35b51577-0754-4dfe-bf98-b93f293d9a07"},"Error":{"Message":"expected response to have status code 200 but got 500","Test":"Status code is 200"}},{"Parent":{"Name":"accounts_migration","Id":"5427592a-531e-4b00-98d1-83ed2572f488"},"Source":{"Name":"Create user accounts","Id":"35b51577-0754-4dfe-bf98-b93f293d9a07"},"Error":{"Message":"expected response to have status code 200 but got 500","Test":"Status code is 200"}},{"Parent":{"Name":"accounts_migration","Id":"5427592a-531e-4b00-98d1-83ed2572f488"},"Source":{"Name":"Create user accounts","Id":"35b51577-0754-4dfe-bf98-b93f293d9a07"},"Error":{"Message":"expected response to have status code 200 but got 500","Test":"Status code is 200"}},{"Parent":{"Name":"accounts_migration","Id":"5427592a-531e-4b00-98d1-83ed2572f488"},"Source":{"Name":"Create user accounts","Id":"35b51577-0754-4dfe-bf98-b93f293d9a07"},"Error":{"Message":"expected response to have status code 200 but got 500","Test":"Status code is 200"}},{"Parent":{"Name":"accounts_migration","Id":"5427592a-531e-4b00-98d1-83ed2572f488"},"Source":{"Name":"Create user accounts","Id":"35b51577-0754-4dfe-bf98-b93f293d9a07"},"Error":{"Message":"expected response to have status code 200 but got 500","Test":"Status code is 200"}},{"Parent":{"Name":"accounts_migration","Id":"5427592a-531e-4b00-98d1-83ed2572f488"},"Source":{"Name":"Create user accounts","Id":"35b51577-0754-4dfe-bf98-b93f293d9a07"},"Error":{"Message":"expected response to have status code 200 but got 500","Test":"Status code is 200"}},{"Parent":{"Name":"accounts_migration","Id":"5427592a-531e-4b00-98d1-83ed2572f488"},"Source":{"Name":"Create user accounts","Id":"35b51577-0754-4dfe-bf98-b93f293d9a07"},"Error":{"Message":"expected response to have status code 200 but got 500","Test":"Status code is 200"}},{"Parent":{"Name":"accounts_migration","Id":"5427592a-531e-4b00-98d1-83ed2572f488"},"Source":{"Name":"Create user accounts","Id":"35b51577-0754-4dfe-bf98-b93f293d9a07"},"Error":{"Message":"expected response to have status code 200 but got 500","Test":"Status code is 200"}},{"Parent":{"Name":"accounts_migration","Id":"5427592a-531e-4b00-98d1-83ed2572f488"},"Source":{"Name":"Create user accounts","Id":"35b51577-0754-4dfe-bf98-b93f293d9a07"},"Error":{"Message":"expected response to have status code 200 but got 500","Test":"Status code is 200"}},{"Parent":{"Name":"accounts_migration","Id":"5427592a-531e-4b00-98d1-83ed2572f488"},"Source":{"Name":"Create user accounts","Id":"35b51577-0754-4dfe-bf98-b93f293d9a07"},"Error":{"Message":"expected response to have status code 200 but got 500","Test":"Status code is 200"}},{"Parent":{"Name":"accounts_migration","Id":"5427592a-531e-4b00-98d1-83ed2572f488"},"Source":{"Name":"Create user accounts","Id":"35b51577-0754-4dfe-bf98-b93f293d9a07"},"Error":{"Message":"expected response to have status code 200 but got 500","Test":"Status code is 200"}},{"Parent":{"Name":"accounts_migration","Id":"5427592a-531e-4b00-98d1-83ed2572f488"},"Source":{"Name":"Create user accounts","Id":"35b51577-0754-4dfe-bf98-b93f293d9a07"},"Error":{"Message":"expected response to have status code 200 but got 500","Test":"Status code is 200"}},{"Parent":{"Name":"accounts_migration","Id":"5427592a-531e-4b00-98d1-83ed2572f488"},"Source":{"Name":"Create user accounts","Id":"35b51577-0754-4dfe-bf98-b93f293d9a07"},"Error":{"Message":"expected response to have status code 200 but got 500","Test":"Status code is 200"}},{"Parent":{"Name":"accounts_migration","Id":"5427592a-531e-4b00-98d1-83ed2572f488"},"Source":{"Name":"Create user accounts","Id":"35b51577-0754-4dfe-bf98-b93f293d9a07"},"Error":{"Message":"expected response to have status code 200 but got 500","Test":"Status code is 200"}},{"Parent":{"Name":"accounts_migration","Id":"5427592a-531e-4b00-98d1-83ed2572f488"},"Source":{"Name":"Create user accounts","Id":"35b51577-0754-4dfe-bf98-b93f293d9a07"},"Error":{"Message":"expected response to have status code 200 but got 500","Test":"Status code is 200"}},{"Parent":{"Name":"accounts_migration","Id":"5427592a-531e-4b00-98d1-83ed2572f488"},"Source":{"Name":"Create user accounts","Id":"35b51577-0754-4dfe-bf98-b93f293d9a07"},"Error":{"Message":"expected response to have status code 200 but got 500","Test":"Status code is 200"}},{"Parent":{"Name":"accounts_migration","Id":"5427592a-531e-4b00-98d1-83ed2572f488"},"Source":{"Name":"Create user accounts","Id":"35b51577-0754-4dfe-bf98-b93f293d9a07"},"Error":{"Message":"expected response to have status code 200 but got 500","Test":"Status code is 200"}},{"Parent":{"Name":"accounts_migration","Id":"5427592a-531e-4b00-98d1-83ed2572f488"},"Source":{"Name":"Create user accounts","Id":"35b51577-0754-4dfe-bf98-b93f293d9a07"},"Error":{"Message":"expected response to have status code 200 but got 500","Test":"Status code is 200"}},{"Parent":{"Name":"accounts_migration","Id":"5427592a-531e-4b00-98d1-83ed2572f488"},"Source":{"Name":"Create user accounts","Id":"35b51577-0754-4dfe-bf98-b93f293d9a07"},"Error":{"Message":"expected response to have status code 200 but got 500","Test":"Status code is 200"}},{"Parent":{"Name":"accounts_migration","Id":"5427592a-531e-4b00-98d1-83ed2572f488"},"Source":{"Name":"Create user accounts","Id":"35b51577-0754-4dfe-bf98-b93f293d9a07"},"Error":{"Message":"expected response to have status code 200 but got 500","Test":"Status code is 200"}}],"Timings":{"responseAverage":107.375,"responseMin":74,"responseMax":258,"responseSd":54.84433463601018,"dnsAverage":0,"dnsMin":0,"dnsMax":0,"dnsSd":0,"firstByteAverage":0,"firstByteMin":0,"firstByteMax":0,"firstByteSd":0,"started":1680625955425,"completed":1680625958488}}}